{"cameraMode":{"drawMode":0,"name":"Shaded","section":"Shading Mode"},"sceneLighting":false,"audioPlay":false,"sceneViewState":{"m_AlwaysRefresh":false,"showFog":true,"showSkybox":false,"showFlares":true,"showImageEffects":true,"showParticleSystems":true,"showVisualEffectGraphs":true,"m_FxEnabled":true},"in2DMode":false,"pivot":{"x":-2.050246477127075,"y":0.4362265467643738,"z":-10.127882957458496},"rotation":{"x":0.0019962675869464876,"y":-0.7462396025657654,"z":0.0022393111139535906,"w":0.6656732559204102},"size":5.348728179931641,"orthographic":true}